51.07946445418,-114.13146131349,1114.2236
51.07946441674,-114.13146131580,1114.2246
51.07946440689,-114.13146134328,1114.2346
51.07946439763,-114.13146137137,1114.2406
51.07946442266,-114.13146139229,1114.2445
51.07946444883,-114.13146143612,1114.2459
51.07946446539,-114.13146146791,1114.2456
51.07946448128,-114.13146147661,1114.2471
51.07946447169,-114.13146150994,1114.2508
51.07946438226,-114.13146147833,1114.2569
51.07946397313,-114.13146115996,1114.2834
51.07946352448,-114.13146080286,1114.3113
51.07946364329,-114.13146080767,1114.3000
51.07946363497,-114.13146096482,1114.3047
51.07946361524,-114.13146110899,1114.3031
51.07946356252,-114.13146128991,1114.3114
51.07946344271,-114.13146162575,1114.3335
51.07946334744,-114.13146214658,1114.3517
51.07946336135,-114.13146263886,1114.3322
51.07946328682,-114.13146316711,1114.3192
51.07946314946,-114.13146379448,1114.3236
51.07946298228,-114.13146462932,1114.3243
51.07946286146,-114.13146548453,1114.3112
51.07946261438,-114.13146659212,1114.3313
51.07946232980,-114.13146746498,1114.2946
51.07946223780,-114.13146881529,1114.3039
51.07946192035,-114.13146996610,1114.3099
51.07946159409,-114.13147079193,1114.2954
51.07946124513,-114.13147179050,1114.3358
51.07946192149,-114.13147352386,1114.2733
51.07945824591,-114.13147596429,1114.9792
51.07945975749,-114.13147562565,1114.5306
51.07945943400,-114.13147670899,1114.5451
51.07945906453,-114.13147783575,1114.5287
51.07945853555,-114.13147917301,1114.5611
51.07945811386,-114.13148044404,1114.5871
51.07945771733,-114.13148168798,1114.5996
51.07945724271,-114.13148288718,1114.6135
51.07945683369,-114.13148438636,1114.6265
51.07945622794,-114.13148563923,1114.6466
51.07945613409,-114.13148673607,1114.5650
51.07945621560,-114.13148805575,1114.4877
51.07945638217,-114.13148953206,1114.4080
51.07945342115,-114.13149216290,1114.9700
51.07945313415,-114.13149361463,1114.9592
51.07945283351,-114.13149507820,1114.9583
51.07945605582,-114.13149441291,1114.1730
51.07945666677,-114.13149540682,1113.9954
51.07945558680,-114.13149714965,1114.1673
51.07945144158,-114.13150052158,1114.9982
51.07945107524,-114.13150189028,1114.9848
51.07945401094,-114.13150167554,1114.2635
51.07945317279,-114.13150333414,1114.3786
51.07945287086,-114.13150468929,1114.3883
51.07945264901,-114.13150614250,1114.3729
51.07945214873,-114.13150743686,1114.3647
51.07945157967,-114.13150928978,1114.4138
51.07945102675,-114.13151092289,1114.4440
51.07945036057,-114.13151241004,1114.4801
51.07945004561,-114.13151372467,1114.4499
51.07944697750,-114.13151639459,1115.0270
51.07944387853,-114.13151895049,1115.5645
51.07944330820,-114.13152027346,1115.5516
51.07944270773,-114.13152175353,1115.6004
51.07944486158,-114.13152174887,1115.0449
51.07944435725,-114.13152312988,1115.0376
51.07944384614,-114.13152469744,1115.0190
51.07944329700,-114.13152618562,1115.0030
51.07944221785,-114.13152829466,1115.1539
51.07944238922,-114.13152970876,1115.0267
51.07944110340,-114.13153170321,1115.2007
51.07944076910,-114.13153351838,1115.1900
51.07943970834,-114.13153480949,1115.1287
51.07943936638,-114.13153647255,1115.1187
51.07943884993,-114.13153782469,1115.1300
51.07943847350,-114.13153940887,1115.1491
51.07943795559,-114.13154081609,1115.1605
51.07943750593,-114.13154231873,1115.1315
51.07943706538,-114.13154388342,1115.1009
51.07943656550,-114.13154545636,1115.1031
51.07943596198,-114.13154709574,1115.1165
51.07943535452,-114.13154861952,1115.1423
51.07943487111,-114.13155025477,1115.1174
51.07943430117,-114.13155175961,1115.0926
51.07943382175,-114.13155341357,1115.0946
51.07943327701,-114.13155505367,1115.1244
51.07943275236,-114.13155675008,1115.1430
51.07943213890,-114.13155840444,1115.1490
51.07943168195,-114.13156019584,1115.1216
51.07943119780,-114.13156198217,1115.0881
51.07943061396,-114.13156372917,1115.0898
51.07943013664,-114.13156554938,1115.1106
51.07942949201,-114.13156712400,1115.1311
51.07942899486,-114.13156865608,1115.1381
51.07942713209,-114.13156926517,1115.2577
51.07942798313,-114.13157161729,1115.0978
51.07942747534,-114.13157309302,1115.1150
51.07942692925,-114.13157454317,1115.1413
51.07942638822,-114.13157598351,1115.1572
51.07942584517,-114.13157750406,1115.1347
51.07942525421,-114.13157915165,1115.1097
51.07942460353,-114.13158093306,1115.1089
51.07942432682,-114.13158242359,1115.1941
51.07942370680,-114.13158405746,1115.2171
51.07942462565,-114.13158655568,1115.1217
51.07942258172,-114.13158734428,1115.2010
51.07942216353,-114.13158908711,1115.1754
51.07942159943,-114.13159058569,1115.1946
51.07942121775,-114.13159214398,1115.2185
51.07942074343,-114.13159371633,1115.2297
51.07942031665,-114.13159541597,1115.1847
51.07941975289,-114.13159709158,1115.1614
51.07941924570,-114.13159878079,1115.1426
51.07941862152,-114.13160040928,1115.1739
51.07941807290,-114.13160199024,1115.1898
51.07941745438,-114.13160332296,1115.1918
51.07941678537,-114.13160484199,1115.1847
51.07941611108,-114.13160644914,1115.1840
51.07941549260,-114.13160811047,1115.1882
51.07941487708,-114.13160967423,1115.1946
51.07941418945,-114.13161119321,1115.1966
51.07941351018,-114.13161287116,1115.1713
51.07941289529,-114.13161467230,1115.1621
51.07941228675,-114.13161658099,1115.1540
51.07941152147,-114.13161824796,1115.1688
51.07941091523,-114.13161994162,1115.1893
51.07941025811,-114.13162149826,1115.2015
51.07940957504,-114.13162301076,1115.1710
51.07940884195,-114.13162451190,1115.1608
51.07940793501,-114.13162596000,1115.1774
51.07940724419,-114.13162741949,1115.1981
51.07940649094,-114.13162880801,1115.2039
51.07940567477,-114.13163027895,1115.1855
51.07940499534,-114.13163172535,1115.1713
51.07940437089,-114.13163327791,1115.1629
51.07940375617,-114.13163484449,1115.1771
51.07940311924,-114.13163627347,1115.1999
51.07940245071,-114.13163775752,1115.2111
51.07940177241,-114.13163931671,1115.1934
51.07940110368,-114.13164092307,1115.1856
51.07940039322,-114.13164241549,1115.1981
51.07939976049,-114.13164396465,1115.2101
51.07939910971,-114.13164539296,1115.2207
51.07939840851,-114.13164694095,1115.2141
51.07939776003,-114.13164861011,1115.1872
51.07939713602,-114.13165026454,1115.1798
51.07939653068,-114.13165200270,1115.1940
51.07939592401,-114.13165356356,1115.2127
51.07939534508,-114.13165518621,1115.2243
51.07939474960,-114.13165679521,1115.2066
51.07939409464,-114.13165831359,1115.1910
51.07939347345,-114.13165979885,1115.1910
51.07939280704,-114.13166127363,1115.2081
51.07939217589,-114.13166279558,1115.2153
51.07939150611,-114.13166450247,1115.2022
51.07939066395,-114.13166617426,1115.1734
51.07938999793,-114.13166793953,1115.1622
51.07938927170,-114.13166958313,1115.1783
51.07938851099,-114.13167124811,1115.2036
51.07938788800,-114.13167293552,1115.2082
51.07938712822,-114.13167449344,1115.1904
51.07938642864,-114.13167610598,1115.1754
51.07938556615,-114.13167750949,1115.1736
51.07938486060,-114.13167909945,1115.2126
51.07938404978,-114.13168069239,1115.2191
51.07938330008,-114.13168232322,1115.1754
51.07938268114,-114.13168414557,1115.1669
51.07938193350,-114.13168580171,1115.1928
51.07938119013,-114.13168772117,1115.2186
51.07938041080,-114.13168951858,1115.2686
51.07937954707,-114.13169141556,1115.3211
51.07937826166,-114.13169362001,1115.4163
51.07937646382,-114.13169599511,1115.6608
51.07937519920,-114.13169812335,1115.7967
51.07937433257,-114.13169990483,1115.8475
51.07937319645,-114.13170181382,1115.9065
51.07937230376,-114.13170374717,1115.9663
51.07937082754,-114.13170588451,1116.1233
51.07936953227,-114.13170797734,1116.2804
51.07937379817,-114.13170673177,1115.1907
51.07936100424,-114.13171556748,1117.9612
51.07936033259,-114.13171714863,1117.9421
51.07935973388,-114.13171863461,1117.9203
51.07935952050,-114.13171989989,1117.8179
51.07935912534,-114.13172121408,1117.7604
51.07935874222,-114.13172262705,1117.6886
51.07935860089,-114.13172418573,1117.5538
51.07935838156,-114.13172553714,1117.4210
51.07935826043,-114.13172692516,1117.3180
51.07935765200,-114.13172834886,1117.3248
51.07936649708,-114.13172424950,1115.1953
51.07936558283,-114.13172600601,1115.2322
51.07936492728,-114.13172742990,1115.1757
51.07936417912,-114.13172910049,1115.1629
51.07936342211,-114.13173062477,1115.1739
51.07936266585,-114.13173207700,1115.1839
51.07936188939,-114.13173361876,1115.1629
51.07936112667,-114.13173520633,1115.1310
51.07936041824,-114.13173693102,1115.1354
51.07935974017,-114.13173856010,1115.1175
51.07935902439,-114.13174012216,1115.1305
51.07935830275,-114.13174170678,1115.1527
51.07935756346,-114.13174307170,1115.1152
51.07935670839,-114.13174440175,1115.0969
51.07935591362,-114.13174572309,1115.1012
51.07935512264,-114.13174703177,1115.1249
51.07935445583,-114.13174834170,1115.1207
51.07935369990,-114.13174975860,1115.1222
51.07935309181,-114.13175132130,1115.0978
51.07935246962,-114.13175298073,1115.0748
51.07935186193,-114.13175468383,1115.0963
51.07935125303,-114.13175633659,1115.1085
51.07935059485,-114.13175775249,1115.0950
51.07934994018,-114.13175925166,1115.0852
51.07934916356,-114.13176067034,1115.0574
51.07934826352,-114.13176214473,1115.0693
51.07934754100,-114.13176359747,1115.0816
51.07934683954,-114.13176495765,1115.0861
51.07934620745,-114.13176605056,1115.0211
51.07934547147,-114.13176761077,1115.0132
51.07934555858,-114.13176974282,1114.9429
51.07934419016,-114.13176831971,1114.6594
51.07934334100,-114.13177018746,1114.7181
51.07934261950,-114.13177167813,1114.7300
51.07934186541,-114.13177317725,1114.7117
51.07934123563,-114.13177438070,1114.6503
51.07934054212,-114.13177574793,1114.6571
51.07933974940,-114.13177700606,1114.6863
51.07933903224,-114.13177820388,1114.6911
51.07933833355,-114.13177949025,1114.6734
51.07933777354,-114.13178079524,1114.6630
51.07933725645,-114.13178221967,1114.6376
51.07933666907,-114.13178348791,1114.6317
51.07933607737,-114.13178485423,1114.6373
51.07933531686,-114.13178620613,1114.6463
51.07933442993,-114.13178736248,1114.6272
51.07933352615,-114.13178854251,1114.5939
51.07933275559,-114.13178984320,1114.5976
51.07933185267,-114.13179111609,1114.6192
51.07933112612,-114.13179228068,1114.6242
51.07933040423,-114.13179339561,1114.5923
51.07932961455,-114.13179478835,1114.5977
51.07932894392,-114.13179609688,1114.6100
51.07932777232,-114.13179862703,1114.8298
51.07932627180,-114.13180120447,1115.1111
51.07932456826,-114.13180427818,1115.4497
51.07932180907,-114.13180885643,1116.1390
51.07931864335,-114.13181379808,1116.9899
51.07931761670,-114.13181500705,1117.0416
51.07931662643,-114.13181618147,1117.0547
51.07931554655,-114.13181755924,1117.1138
51.07931450153,-114.13181896867,1117.1320
51.07931350002,-114.13182044781,1117.1631
51.07931253214,-114.13182191867,1117.2167
51.07931138415,-114.13182376814,1117.3632
51.07931029848,-114.13182509073,1117.4015
51.07931662757,-114.13181366095,1114.5607
51.07931540263,-114.13181522481,1114.6197
51.07930552859,-114.13183226941,1118.1098
51.07931365778,-114.13181717151,1114.5452
51.07930392525,-114.13183438014,1118.0715
51.07930302553,-114.13183550922,1118.0643
51.07930215696,-114.13183672088,1118.0564
51.07930017794,-114.13183707327,1118.0976
51.07930071554,-114.13183928007,1118.0192
51.07929983226,-114.13184052830,1118.0275
51.07929906960,-114.13184144210,1117.9451
51.07929836473,-114.13184245623,1117.8537
51.07929760577,-114.13184333542,1117.7846
51.07929693976,-114.13184432814,1117.7605
51.07929596457,-114.13184546995,1117.8127
51.07929489940,-114.13184664766,1117.8759
51.07929389752,-114.13184798703,1117.9222
51.07929289517,-114.13184930395,1117.9292
51.07930081285,-114.13183495621,1114.4671
51.07929123998,-114.13185165764,1117.8934
51.07929118721,-114.13185108512,1117.5328
51.07929769456,-114.13183859977,1114.5171
51.07929266846,-114.13185693451,1117.4424
51.07930235518,-114.13184369511,1113.8634
51.07929336087,-114.13185739314,1116.8088
51.07929432860,-114.13185656098,1116.2648
51.07929369485,-114.13185759526,1116.1902
51.07929231578,-114.13185833856,1116.1588
51.07929783273,-114.13184918571,1113.7624
51.07929614985,-114.13185046191,1113.8790
51.07929481473,-114.13185126930,1113.8928
51.07929337197,-114.13185200603,1113.8991
51.07928929711,-114.13185174666,1114.1888
51.07928834648,-114.13185254686,1114.1617
51.07928744782,-114.13185350744,1114.1518
51.07928637400,-114.13185438164,1114.1819
51.07928679061,-114.13185574336,1114.0490
51.07928458856,-114.13185616440,1114.1503
51.07928358938,-114.13185842220,1114.3364
51.07928254843,-114.13185811758,1114.1633
51.07928148839,-114.13186076644,1114.4288
51.07927479005,-114.13185947896,1115.0359
51.07922635588,-114.13183692417,1119.1709
51.07922497311,-114.13183744464,1119.1751
51.07922515518,-114.13183876308,1119.0551
51.07921844466,-114.13183694926,1119.5970
51.07921725415,-114.13183771980,1119.6403
51.07920896408,-114.13183529231,1120.3169
51.07920467414,-114.13183470917,1120.6179
51.07927425428,-114.13186765319,1114.0121
51.07921306595,-114.13184142970,1119.6296
51.07927134168,-114.13186933968,1114.1406
51.07921018864,-114.13184277863,1119.7546
51.07921160208,-114.13184466822,1119.5291
51.07921556089,-114.13184757977,1119.0440
51.07921179713,-114.13184691690,1119.2964
51.07920086080,-114.13184311204,1120.2417
51.07920109322,-114.13184447323,1120.1369
51.07919727981,-114.13184414862,1120.4059
51.07919602210,-114.13184495929,1120.4061
51.07919789689,-114.13184731739,1120.1522
51.07919876815,-114.13184890552,1119.9582
51.07919572848,-114.13184916063,1120.1786
51.07919276835,-114.13184898487,1120.3525
51.07926013318,-114.13188159269,1113.9832
51.07919893313,-114.13185409087,1119.5340
51.07918942775,-114.13185094842,1120.2905
51.07918770682,-114.13185155183,1120.3704
51.07919395855,-114.13185539089,1119.6946
51.07919234387,-114.13185573594,1119.7117
51.07918676138,-114.13185469319,1120.1223
51.07918139317,-114.13185337906,1120.5016
51.07925143321,-114.13188699270,1113.8877
51.07924930323,-114.13188706794,1113.9988
51.07917942215,-114.13185608022,1120.3966
51.07917410870,-114.13185465647,1120.7819
51.07917357311,-114.13185484556,1120.6955
51.07917596586,-114.13185624865,1120.3393
51.07917164211,-114.13185554701,1120.7854
51.07917194541,-114.13185706363,1120.5188
51.07917261807,-114.13185857306,1120.3175
51.07917063928,-114.13185847302,1120.3535
51.07916443114,-114.13185600692,1120.7813
51.07916351286,-114.13185681998,1120.7884
51.07916357002,-114.13185725640,1120.6744
51.07916274650,-114.13185782542,1120.6571
51.07916022729,-114.13185666475,1120.7677
51.07916076968,-114.13185700329,1120.5804
51.07923220113,-114.13189144472,1113.8686
51.07915655488,-114.13184984761,1120.4454
51.07915643756,-114.13185060566,1120.3416
51.07915388113,-114.13184995950,1120.4201
51.07914985857,-114.13184854607,1120.6639
51.07914840270,-114.13184868439,1120.7022
51.07921833082,-114.13188662959,1114.3256
51.07914209761,-114.13184710919,1121.0503
51.07914417346,-114.13184386485,1120.2115
51.07912164797,-114.13181543762,1121.4009
51.07922046137,-114.13189106237,1113.6459
51.07911690228,-114.13181376132,1121.6063
51.07912765229,-114.13182324022,1120.5587
51.07912577524,-114.13182299053,1120.5909
51.07921587265,-114.13189196729,1113.6528
51.07921465878,-114.13189229744,1113.6375
51.07921348175,-114.13189267633,1113.6294
51.07921265729,-114.13189352111,1113.6301
51.07921097191,-114.13189312228,1113.6430
51.07920940855,-114.13189287160,1113.6423
51.07920797839,-114.13189289206,1113.6186
51.07920637535,-114.13189267290,1113.6660
51.07920507332,-114.13189264318,1113.7072
51.07920379425,-114.13189284204,1113.7123
51.07920271599,-114.13189300701,1113.6877
51.07920161895,-114.13189330092,1113.6507
51.07920062008,-114.13189382695,1113.6323
51.07919950661,-114.13189433382,1113.6372
51.07919842902,-114.13189448137,1113.6552
51.07919722324,-114.13189464765,1113.6311
51.07919500262,-114.13189410337,1113.6925
51.07919353114,-114.13189392079,1113.7001
51.07919191323,-114.13189372916,1113.7357
51.07918996308,-114.13189327150,1113.8196
51.07918821058,-114.13189296103,1113.8490
51.07918536537,-114.13189195138,1113.9562
51.07918627668,-114.13189323605,1113.7900
51.07918534722,-114.13189378902,1113.7612
51.07918669703,-114.13189556915,1113.5088
51.07918563068,-114.13189592625,1113.5044
51.07918456091,-114.13189609441,1113.4807
51.07918334191,-114.13189600956,1113.4653
51.07918238158,-114.13189606998,1113.4820
51.07918131921,-114.13189625398,1113.4960
51.07918013583,-114.13189630482,1113.5175
51.07917908553,-114.13189625775,1113.4709
51.07917802102,-114.13189618697,1113.4432
51.07917676734,-114.13189616995,1113.4314
51.07917360248,-114.13189503688,1113.6231
51.07917224177,-114.13189478862,1113.6308
51.07916908194,-114.13189353526,1113.7934
51.07916785490,-114.13189315109,1113.7656
51.07916665371,-114.13189284785,1113.7438
51.07916540931,-114.13189255064,1113.7667
51.07916480747,-114.13189250541,1113.7282
51.07916291566,-114.13189156738,1113.7850
51.07916364479,-114.13189194739,1113.5965
51.07916252087,-114.13189132635,1113.6129
51.07916132699,-114.13189064706,1113.5815
51.07915998252,-114.13189001404,1113.6009
51.07915887643,-114.13188946977,1113.6023
51.07915769572,-114.13188893110,1113.5772
51.07915655946,-114.13188837780,1113.5741
51.07915549194,-114.13188782852,1113.5807
51.07915426218,-114.13188723498,1113.6223
51.07915442541,-114.13188729202,1113.4988
51.07915336250,-114.13188657795,1113.4720
51.07915192163,-114.13188594006,1113.4886
51.07915062036,-114.13188533204,1113.5422
51.07914928686,-114.13188481678,1113.5523
51.07914811986,-114.13188435646,1113.5653
51.07914752424,-114.13188407144,1113.5094
51.07914631764,-114.13188344302,1113.5019
51.07914501205,-114.13188274740,1113.4954
51.07914240278,-114.13188094218,1113.5671
51.07914119957,-114.13188080030,1113.6594
51.07914005723,-114.13188008996,1113.6751
51.07913895503,-114.13187950842,1113.6392
51.07913795267,-114.13187893181,1113.6283
51.07913693801,-114.13187856022,1113.6225
51.07913578185,-114.13187799892,1113.6418
51.07912961483,-114.13187495102,1114.0545
51.07907040908,-114.13184325037,1119.0982
51.07907250159,-114.13184437529,1118.8053
51.07907335363,-114.13184492802,1118.6237
51.07907487753,-114.13184561445,1118.4078
51.07908390530,-114.13185026978,1117.5456
51.07908548042,-114.13185090601,1117.3269
51.07909301907,-114.13185475901,1116.5455
51.07909330501,-114.13185478547,1116.4110
51.07908407745,-114.13184984922,1117.1268
51.07908176100,-114.13184859393,1117.2481
51.07907921333,-114.13184719718,1117.4077
51.07908255847,-114.13184881000,1117.0050
51.07907091602,-114.13184248712,1117.9145
51.07906808442,-114.13184075983,1118.0617
51.07911391550,-114.13186448862,1113.9657
51.07910906528,-114.13186201438,1114.3293
51.07907306992,-114.13184333064,1117.4238
51.07906787895,-114.13184073517,1117.8094
51.07906746434,-114.13184051508,1117.7329
51.07906811615,-114.13184106536,1117.5693
51.07906294524,-114.13183876858,1117.9594
51.07906507374,-114.13183998839,1117.6568
51.07911225677,-114.13186454050,1113.4192
51.07911138877,-114.13186418577,1113.3999
51.07911044257,-114.13186361919,1113.3799
51.07910946951,-114.13186294294,1113.3795
51.07910831528,-114.13186231259,1113.4202
51.07910721746,-114.13186148363,1113.4151
51.07910623915,-114.13186073326,1113.3879
51.07910521598,-114.13186013757,1113.3847
51.07910412396,-114.13185980806,1113.3769
51.07910308689,-114.13185903938,1113.3851
51.07910208141,-114.13185848991,1113.3750
51.07910105990,-114.13185774909,1113.3767
51.07909998968,-114.13185706448,1113.3552
51.07909907703,-114.13185650343,1113.3345
51.07909813865,-114.13185575416,1113.3360
51.07909723926,-114.13185493136,1113.3264
51.07909633548,-114.13185411169,1113.3181
51.07909513699,-114.13185293674,1113.3330
51.07909400555,-114.13185172742,1113.3596
51.07909185709,-114.13184995842,1113.4464
51.07909080029,-114.13184887243,1113.4510
51.07908970570,-114.13184767967,1113.4732
51.07908863214,-114.13184672121,1113.4981
51.07908749075,-114.13184562898,1113.4897
51.07908491039,-114.13184423489,1113.6950
51.07908611679,-114.13184442716,1113.5010
51.07908501061,-114.13184358488,1113.5236
51.07908395999,-114.13184265667,1113.5058
51.07908281274,-114.13184180058,1113.5171
51.07908163870,-114.13184085868,1113.5031
51.07908059105,-114.13184019682,1113.5041
51.07907953591,-114.13183926084,1113.5093
51.07907835044,-114.13183852446,1113.5272
51.07907715777,-114.13183778164,1113.5184
51.07907592331,-114.13183692661,1113.4486
51.07907437737,-114.13183581172,1113.4816
51.07907321586,-114.13183500812,1113.5252
51.07907245507,-114.13183411502,1113.4983
51.07907139067,-114.13183325358,1113.4781
51.07907001792,-114.13183194660,1113.4961
51.07906902175,-114.13183095211,1113.4903
51.07906810834,-114.13183022690,1113.4897
51.07906720692,-114.13182945631,1113.5032
51.07906558618,-114.13182844224,1113.5863
51.07905848802,-114.13182460049,1114.1792
51.07905759054,-114.13182382567,1114.1653
51.07905768601,-114.13182366100,1114.1235
51.07905658708,-114.13182250114,1114.1531
51.07906297811,-114.13182513039,1113.4911
51.07905653431,-114.13182168855,1113.9921
51.07905632102,-114.13182068991,1113.8444
51.07905493197,-114.13182068415,1114.0332
51.07905384559,-114.13181841472,1113.8681
51.07905277387,-114.13181744676,1113.8771
51.07905267805,-114.13181680524,1113.7807
51.07905166311,-114.13181568982,1113.7170
51.07905104323,-114.13181397729,1113.6319
51.07905355768,-114.13181210206,1113.0736
51.07904779593,-114.13181142224,1113.6565
51.07904640406,-114.13181249517,1113.9290
51.07904580591,-114.13181228932,1113.9644
51.07904566808,-114.13180552616,1113.3387
51.07904458054,-114.13180460167,1113.3709
51.07904337684,-114.13180408262,1113.4138
51.07904260346,-114.13180359138,1113.4455
51.07904161742,-114.13180282951,1113.4901
51.07904215067,-114.13180298134,1113.3426
51.07903991063,-114.13180152088,1113.4666
51.07903842891,-114.13180058719,1113.5625
51.07903717616,-114.13179957651,1113.6006
51.07903549302,-114.13179822642,1113.6607
51.07903438770,-114.13179716210,1113.6485
51.07903388642,-114.13179625873,1113.5588
51.07903283433,-114.13179505785,1113.5407
51.07903226712,-114.13179481182,1113.5362
51.07903178031,-114.13179234112,1113.3099
51.07902880137,-114.13179836444,1114.2528
51.07902962355,-114.13179062109,1113.3204
51.07902753672,-114.13179343798,1113.8665
51.07902752017,-114.13178844432,1113.3490
51.07902683385,-114.13178720279,1113.3186
51.07902576217,-114.13178588027,1113.3376
51.07902420088,-114.13178493840,1113.3917
51.07902299722,-114.13178390823,1113.4178
51.07902184436,-114.13178284797,1113.3857
51.07902065013,-114.13178196942,1113.3808
51.07901981143,-114.13178097580,1113.3712
51.07901868642,-114.13178016786,1113.3645
51.07901758701,-114.13177939477,1113.3808
51.07901663595,-114.13177841062,1113.3931
51.07901508783,-114.13177744318,1113.4997
51.07901402876,-114.13177629955,1113.4990
51.07901321110,-114.13177500189,1113.4387
51.07901219383,-114.13177401413,1113.4128
51.07901136256,-114.13177317762,1113.4073
51.07901024250,-114.13177189353,1113.4011
51.07900943148,-114.13177113132,1113.3575
51.07900854026,-114.13176990682,1113.3327
51.07900741473,-114.13176913292,1113.3609
51.07900642707,-114.13176816129,1113.3449
51.07900516345,-114.13176734841,1113.4078
51.07900410185,-114.13176628347,1113.4366
51.07900337966,-114.13176504251,1113.3889
51.07900248813,-114.13176411803,1113.3668
51.07900149623,-114.13176328083,1113.3662
51.07900044890,-114.13176257690,1113.3727
51.07899878447,-114.13176187510,1113.4767
51.07899787650,-114.13176102164,1113.5181
51.07899667627,-114.13176078118,1113.5234
51.07899577242,-114.13175991282,1113.5264
51.07899462448,-114.13175896572,1113.5455
51.07899376685,-114.13175793483,1113.5456
51.07899268598,-114.13175696169,1113.5917
51.07899161502,-114.13175608223,1113.6441
51.07899106232,-114.13175478487,1113.5478
51.07899004924,-114.13175398640,1113.5367
51.07898909312,-114.13175294971,1113.5255
51.07898800120,-114.13175206910,1113.5349
51.07898745988,-114.13175076976,1113.4887
51.07898657645,-114.13174987862,1113.4645
51.07898590243,-114.13174849275,1113.4276
51.07898511726,-114.13174731616,1113.4243
51.07898413081,-114.13174621968,1113.4302
51.07898321751,-114.13174485397,1113.4696
51.07898238054,-114.13174271527,1113.3789
51.07898139863,-114.13174171946,1113.3648
51.07898045138,-114.13174060523,1113.3610
51.07897940409,-114.13173970613,1113.3625
51.07897855405,-114.13173867976,1113.3270
51.07897771500,-114.13173751736,1113.3104
51.07897685044,-114.13173617750,1113.2641
51.07897529313,-114.13173891594,1113.4495
51.07897437358,-114.13173744136,1113.4366
51.07897363952,-114.13173601362,1113.4722
51.07897278871,-114.13173519656,1113.4862
51.07897188611,-114.13173409086,1113.4959
51.07897075923,-114.13173312306,1113.4813
51.07896970299,-114.13173184310,1113.4481
51.07896684820,-114.13173595233,1113.5515
51.07896778359,-114.13172830399,1113.4285
51.07896659717,-114.13172757418,1113.4117
51.07896579680,-114.13172577638,1113.3908
51.07896514322,-114.13172372885,1113.2958
51.07896442772,-114.13172141244,1113.2576
51.07896316753,-114.13171946614,1113.2792
51.07896222325,-114.13171784159,1113.2715
51.07896140627,-114.13171628687,1113.2321
51.07896052615,-114.13171469653,1113.1938
51.07895952707,-114.13171318490,1113.1730
51.07895864441,-114.13171171829,1113.1583
51.07895748253,-114.13171201708,1113.2591
51.07895643308,-114.13171183780,1113.2978
51.07895548961,-114.13171147754,1113.3291
51.07895453480,-114.13171100546,1113.3656
51.07895374067,-114.13170999599,1113.3430
51.07895285547,-114.13170929964,1113.3908
51.07895177066,-114.13170854449,1113.4362
51.07895038073,-114.13170949704,1113.6145
51.07894846647,-114.13171380191,1114.1168
51.07894737476,-114.13171323909,1114.1250
51.07894631012,-114.13171232905,1114.1350
51.07894520417,-114.13171136574,1114.1409
51.07894440652,-114.13170979226,1114.1242
51.07894351169,-114.13170829372,1114.1071
51.07894254388,-114.13170684341,1114.1331
51.07894156565,-114.13170547438,1114.1533
51.07894062467,-114.13170402593,1114.1696
51.07893962094,-114.13170274592,1114.1667
51.07893868096,-114.13170157680,1114.1885
51.07893772531,-114.13170046848,1114.1690
51.07893679033,-114.13169925766,1114.1708
51.07893580704,-114.13169833292,1114.1795
51.07893489391,-114.13169710451,1114.1994
51.07893397139,-114.13169588905,1114.1947
51.07893294536,-114.13169430456,1114.1524
51.07893209253,-114.13169307661,1114.1405
51.07893113853,-114.13169204395,1114.1607
51.07893014381,-114.13169074873,1114.1599
51.07892917045,-114.13168906730,1114.1298
51.07892827051,-114.13168789026,1114.1128
51.07892710381,-114.13168717766,1114.0995
51.07892607876,-114.13168604827,1114.0878
51.07892500717,-114.13168520498,1114.1096
51.07892406548,-114.13168433231,1114.1284
51.07892316848,-114.13168324012,1114.1446
51.07892239627,-114.13168168112,1114.1159
51.07892144909,-114.13168056034,1114.1244
51.07892051190,-114.13167934163,1114.1378
51.07891951336,-114.13167806833,1114.1497
51.07891856378,-114.13167660429,1114.1281
51.07891769020,-114.13167529591,1114.0950
51.07891661666,-114.13167418721,1114.0659
51.07891563994,-114.13167270102,1114.0372
51.07891461680,-114.13167141417,1114.0646
51.07891394653,-114.13166976867,1114.0442
51.07891333830,-114.13166822270,1114.0111
51.07891275151,-114.13166638846,1113.9553
51.07891192742,-114.13166515429,1113.9263
51.07891098949,-114.13166404225,1113.9234
51.07891000726,-114.13166278184,1113.9540
51.07890905463,-114.13166169126,1113.9545
51.07890803468,-114.13166072222,1113.9219
51.07890706725,-114.13166002411,1113.9280
51.07890616251,-114.13165935543,1113.9808
51.07890500446,-114.13165837363,1114.0099
51.07890405457,-114.13165733845,1114.0230
51.07890318839,-114.13165627309,1114.0415
51.07890226871,-114.13165499090,1114.0589
51.07890132458,-114.13165377081,1114.0414
51.07890037410,-114.13165260675,1114.0738
51.07889928511,-114.13165141677,1114.1383
51.07889831887,-114.13165013908,1114.1243
51.07889751197,-114.13164906339,1114.1244
51.07889674944,-114.13164800426,1114.1291
51.07889601598,-114.13164633686,1114.0580
51.07889507745,-114.13164485483,1113.9850
51.07889437321,-114.13164328336,1113.9453
51.07889367436,-114.13164186890,1113.8856
51.07889310675,-114.13164000899,1113.9717
51.07889196170,-114.13163913695,1113.7871
51.07889094518,-114.13163801803,1113.7604
51.07889005074,-114.13163672409,1113.7556
51.07888918633,-114.13163539647,1113.7307
51.07888823541,-114.13163419064,1113.6954
51.07888743180,-114.13163300711,1113.6444
51.07888624116,-114.13163198012,1113.6176
51.07888519220,-114.13163128888,1113.6822
51.07888423335,-114.13163053503,1113.7173
51.07888318425,-114.13162968675,1113.7190
51.07888213329,-114.13162899656,1113.7278
51.07888150834,-114.13162754032,1113.9378
51.07888017865,-114.13162708635,1113.7653
51.07887917482,-114.13162619704,1113.8003
51.07887832769,-114.13162516103,1113.8078
51.07887775534,-114.13162480270,1113.8417
51.07887661731,-114.13162419562,1113.8427
51.07887558547,-114.13162344055,1113.8619
51.07887458233,-114.13162266326,1113.8661
51.07887371571,-114.13162146344,1113.8502
51.07887289465,-114.13161994313,1113.8211
51.07887178445,-114.13161935206,1113.9000
51.07887093642,-114.13161747315,1113.7820
51.07886989418,-114.13161685789,1113.8822
51.07886902246,-114.13161489524,1113.7568
51.07886814313,-114.13161366153,1113.7505
51.07886713690,-114.13161338204,1113.8494
51.07886604893,-114.13161237459,1113.8392
51.07886503820,-114.13161128562,1113.8560
51.07886396326,-114.13161019172,1113.8538
51.07886301600,-114.13160828189,1113.7175
51.07886208227,-114.13160692277,1113.6972
51.07886122766,-114.13160572808,1113.6900
51.07886029916,-114.13160465247,1113.6792
51.07885929941,-114.13160349750,1113.6976
51.07885826202,-114.13160241128,1113.7101
51.07885726096,-114.13160148739,1113.6881
51.07885636621,-114.13160054367,1113.6671
51.07885527763,-114.13159977604,1113.6644
51.07885425297,-114.13159877884,1113.6742
51.07885334453,-114.13159758189,1113.6723
51.07885242668,-114.13159621305,1113.6596
51.07885155669,-114.13159477170,1113.6313
51.07885072982,-114.13159341392,1113.6118
51.07884989389,-114.13159203882,1113.6185
51.07884890558,-114.13159068173,1113.6259
51.07884806345,-114.13158920258,1113.6250
51.07884724725,-114.13158784426,1113.5810
51.07884642796,-114.13158659030,1113.5670
51.07884631763,-114.13158364956,1113.2619
51.07884571071,-114.13158168428,1113.1386
51.07884538508,-114.13157913191,1112.9265
51.07884273331,-114.13158216094,1113.6015
51.07884028476,-114.13158474887,1114.5505
51.07884303240,-114.13157440148,1112.6258
51.07884186774,-114.13157399849,1112.7901
51.07884058070,-114.13157341567,1112.9259
51.07883952477,-114.13157248507,1113.0398
51.07883727699,-114.13157492804,1113.6459
51.07883645250,-114.13157363443,1113.6504
51.07883354864,-114.13157679302,1114.3969
51.07883240069,-114.13157622380,1114.5440
51.07883177532,-114.13157491698,1114.5702
51.07883112846,-114.13157360043,1114.5323
51.07883039772,-114.13157205136,1114.4978
51.07883133262,-114.13156641167,1113.7357
51.07883045195,-114.13156520034,1113.7749
51.07882953363,-114.13156379834,1113.8161
51.07882868761,-114.13156248948,1113.7942
51.07882802320,-114.13156125038,1113.8063
51.07882706111,-114.13156015910,1113.7922
51.07882619156,-114.13155886591,1113.8099
51.07882522411,-114.13155767375,1113.8454
51.07882443120,-114.13155639574,1113.8575
51.07882363906,-114.13155513745,1113.8381
51.07882291560,-114.13155394734,1113.8635
51.07882211191,-114.13155250183,1113.8536
51.07882134109,-114.13155088173,1113.8822
51.07882059812,-114.13154923003,1113.9078
51.07881986989,-114.13154767618,1113.9080
51.07881925972,-114.13154624380,1113.8893
51.07881833939,-114.13154508037,1113.9049
51.07881741059,-114.13154379154,1113.9135
51.07881673350,-114.13154245275,1113.9314
51.07881598520,-114.13154131584,1113.9552
51.07881534073,-114.13153977786,1113.9546
51.07881467894,-114.13153831797,1113.9278
51.07881403537,-114.13153704237,1113.9491
51.07881334057,-114.13153562561,1113.9727
51.07881269211,-114.13153434976,1113.9717
51.07881210431,-114.13153326244,1113.9751
51.07881144557,-114.13153211458,1113.9192
51.07881070896,-114.13153097944,1113.9177
51.07880989549,-114.13152981795,1113.8878
51.07880923484,-114.13152873717,1113.8575
51.07880871580,-114.13152751775,1113.8634
51.07880821211,-114.13152633291,1113.8474
51.07880777584,-114.13152490355,1113.8199
51.07880742497,-114.13152410625,1113.9839
51.07880685729,-114.13152266647,1113.9485
51.07880627856,-114.13152065141,1113.8634
51.07880570957,-114.13151909731,1113.8572
51.07880573778,-114.13151707660,1114.1067
51.07880473947,-114.13151646500,1113.7754
51.07880417534,-114.13151520084,1113.7504
51.07880481122,-114.13151725960,1114.3210
51.07880406444,-114.13151578405,1114.2506
51.07880370565,-114.13151459902,1114.2755
51.07880471822,-114.13151238772,1114.7171
51.07880431530,-114.13151138430,1114.6661
51.07880387437,-114.13151041490,1114.6160
51.07880376322,-114.13150915034,1114.6712
51.07880333526,-114.13150803879,1114.6147
51.07880331327,-114.13150694703,1114.7465
51.07880324390,-114.13150623431,1114.8633
51.07880265212,-114.13150511623,1114.8263
51.07880217348,-114.13150405063,1114.7813
51.07880123078,-114.13150299115,1114.5581
51.07880113778,-114.13150209346,1114.6130
51.07880096429,-114.13150125804,1114.6120
51.07880091268,-114.13150035352,1114.6977
51.07880121672,-114.13149937131,1114.9375
51.07880141350,-114.13149845591,1115.1277
51.07880114452,-114.13149714850,1115.1798
51.07880026224,-114.13149607259,1115.0499
51.07879999912,-114.13149417820,1115.1645
51.07879957827,-114.13149266047,1115.2022
51.07879942559,-114.13149108130,1115.3276
51.07879891750,-114.13148936979,1115.2585
51.07879836114,-114.13148790961,1115.2798
51.07879322562,-114.13148671254,1113.6486
51.07879684689,-114.13148479044,1115.1536
51.07879655466,-114.13148319070,1115.2324
51.07879212753,-114.13148179410,1113.7116
51.07879592183,-114.13148026058,1115.2644
51.07879592185,-114.13147851887,1115.4503
51.07879561575,-114.13147698035,1115.4479
51.07879482886,-114.13147539988,1115.3800
51.07878957735,-114.13147449416,1113.7758
51.07879436967,-114.13147188181,1115.3717
51.07879408390,-114.13147029174,1115.4256
51.07878870037,-114.13146873435,1115.7737
51.07879476631,-114.13146651451,1115.6586
51.07879196784,-114.13146631988,1115.2448
51.07879291090,-114.13146458107,1115.5345
51.07879253056,-114.13146312999,1115.5459
51.07878735872,-114.13146157413,1115.9240
51.07879126297,-114.13146018404,1115.4304
51.07879092620,-114.13145865687,1115.4845
51.07878611894,-114.13145704798,1115.8748
51.07878285772,-114.13145679070,1114.1583
51.07878936558,-114.13145154373,1115.2210
51.07878987328,-114.13144954827,1115.3342
51.07879138340,-114.13144880637,1116.0263
51.07879208734,-114.13145305836,1117.3599
51.07879291928,-114.13144994075,1117.3895
51.07879309125,-114.13144732449,1117.2902
51.07879305295,-114.13144506653,1117.1477
51.07879236672,-114.13144322922,1116.8241
51.07879074203,-114.13144229205,1116.6445
51.07878977692,-114.13144121033,1116.5168
51.07877568511,-114.13145031209,1114.9144
51.07877542530,-114.13144840952,1114.8622
51.07877487316,-114.13144683578,1114.7716
51.07877472947,-114.13144529162,1114.7794
51.07877426156,-114.13144367991,1114.7885
51.07877462104,-114.13144272074,1114.7079
51.07877411635,-114.13144118713,1114.6479
51.07877331660,-114.13143956990,1114.4961
51.07877319798,-114.13143822889,1114.6093
51.07877360621,-114.13143620230,1114.7290
51.07877310649,-114.13143422976,1114.7007
51.07877251327,-114.13143251834,1114.7223
51.07877232184,-114.13143015549,1114.6054
51.07878295808,-114.13143227432,1116.2748
51.07877223745,-114.13142591658,1114.4743
51.07878127201,-114.13142767292,1116.0045
51.07878001720,-114.13142535690,1115.8032
51.07878026801,-114.13142298335,1115.8938
51.07877976617,-114.13142278531,1115.9473
51.07878431295,-114.13142410820,1116.7731
51.07877266665,-114.13141395139,1114.3896
51.07879349936,-114.13142626766,1118.2097
51.07880572281,-114.13141208571,1119.6030
51.07879386229,-114.13142222521,1118.2559
51.07878450993,-114.13139427970,1116.3865
51.07880033580,-114.13139822927,1120.1557
51.07880470328,-114.13140037613,1121.3130
51.07880534260,-114.13140082931,1121.6497
51.07880187022,-114.13141783627,1120.9930
51.07880859981,-114.13141540292,1121.3561
51.07880444488,-114.13141429408,1120.5149
51.07880263842,-114.13141328466,1120.4899
51.07877832570,-114.13138678614,1114.6425
51.07878781477,-114.13140665067,1118.7150
51.07878842582,-114.13140967808,1119.2247
51.07878974752,-114.13140154380,1118.3854
51.07879044071,-114.13139667307,1117.8229
51.07879084452,-114.13139641484,1118.0405
51.07879134616,-114.13139774775,1118.3579
51.07878865404,-114.13139755063,1118.1765
51.07879520981,-114.13140500531,1124.1460
51.07879376554,-114.13140316698,1123.8176
51.07879390731,-114.13140313776,1123.9186
51.07877305763,-114.13136659851,1114.9504
51.07877252984,-114.13136532555,1114.8309
51.07879590904,-114.13140580726,1125.1413
51.07879624234,-114.13140720628,1125.5818
51.07879088661,-114.13141317753,1122.8845
51.07878657415,-114.13140362862,1121.2591
51.07876738544,-114.13136122273,1113.2528
51.07876665451,-114.13135943678,1113.1283
51.07876668456,-114.13135751243,1113.2119
51.07876659880,-114.13135687754,1113.5283
51.07876695572,-114.13135490882,1113.5378
51.07876744784,-114.13135292936,1113.5137
51.07876716469,-114.13135107955,1113.5538
51.07876799325,-114.13134780234,1114.1556
51.07876794777,-114.13134598044,1114.1789
51.07876829212,-114.13134497018,1114.3580
51.07876859868,-114.13134180819,1114.3560
51.07876819717,-114.13134144218,1114.4360
51.07876437388,-114.13136858224,1119.2134
51.07876475637,-114.13136359767,1118.7825
51.07876563217,-114.13135968587,1118.4947
51.07876579859,-114.13135612669,1118.2177
51.07876772735,-114.13135142679,1118.2441
51.07876858745,-114.13134812854,1118.1699
51.07876857836,-114.13134404892,1117.7751
51.07878892486,-114.13135842095,1121.8593
51.07876886577,-114.13133595148,1117.1962
51.07879718073,-114.13135960735,1123.0335
51.07880215044,-114.13135641310,1123.9324
51.07880547131,-114.13135465481,1124.1558
51.07880143289,-114.13135276220,1122.6138
51.07879924613,-114.13134307216,1122.5724
51.07879845044,-114.13134601310,1121.6666
51.07880604167,-114.13134156141,1123.9320
51.07880703185,-114.13133938990,1123.9995
51.07880277972,-114.13133532974,1123.1031
51.07876685723,-114.13131181823,1115.4671
51.07881002772,-114.13134518179,1123.9243
51.07880580798,-114.13134027621,1123.1986
51.07880514267,-114.13133865338,1123.1856
51.07880602411,-114.13134075401,1123.3836
51.07880262951,-114.13137559761,1129.0302
51.07880807603,-114.13133926639,1124.0318
51.07880288212,-114.13137180803,1129.1237
51.07881428333,-114.13133841648,1124.8019
51.07881244106,-114.13133485613,1124.0737
51.07880811823,-114.13132913742,1123.1963
51.07880621594,-114.13132590800,1122.6688
51.07882311969,-114.13133356093,1122.7779
51.07876735576,-114.13128758164,1114.7744
51.07881466829,-114.13132360002,1123.7961
51.07882891647,-114.13132892634,1123.3065
51.07876740734,-114.13128335066,1114.7670
51.07882450610,-114.13132293540,1125.2058
51.07883453112,-114.13132451204,1123.9784
51.07883721960,-114.13132416657,1124.6087
51.07882127326,-114.13131637976,1124.9057
51.07882129519,-114.13131488610,1125.1275
51.07881494464,-114.13130956961,1123.7314
51.07881658667,-114.13130520430,1123.7668
51.07881927066,-114.13129973664,1124.2949
51.07883038304,-114.13130661913,1126.1968
51.07882916599,-114.13131399322,1127.7501
51.07882826140,-114.13131043448,1127.3398
51.07881941460,-114.13129956727,1125.2250
51.07877179741,-114.13125656138,1115.1052
51.07882194587,-114.13130806534,1125.9284
51.07882382393,-114.13130822412,1126.2764
51.07881459006,-114.13131295929,1125.0979
51.07877032941,-114.13125146159,1114.8020
51.07876656775,-114.13125256797,1114.4575
51.07876669656,-114.13125047985,1114.3824
51.07876540250,-114.13124646230,1114.2724
51.07876770293,-114.13123967558,1113.1677
51.07876760778,-114.13123833833,1113.3419
51.07876745399,-114.13123690596,1113.3335
51.07876888786,-114.13123746343,1113.7170
51.07876892117,-114.13123634111,1113.7463
51.07878337292,-114.13124278929,1112.6362
51.07876730125,-114.13123418797,1113.7031
51.07876721723,-114.13123356355,1113.7823
51.07877202488,-114.13122792270,1114.4215
51.07876729473,-114.13123067338,1113.9403
51.07876778749,-114.13122920273,1113.9658
51.07876804142,-114.13122816415,1114.0063
51.07876843113,-114.13122700144,1114.0450
51.07881946117,-114.13127220119,1124.2660
51.07881961153,-114.13127051360,1124.2767
51.07877267140,-114.13121999310,1114.7997
51.07881597087,-114.13126449795,1123.6266
51.07882198650,-114.13126147746,1124.5384
51.07882098509,-114.13127286210,1124.9978
51.07876606830,-114.13122201507,1114.2227
51.07876656956,-114.13121919223,1114.0150
51.07881000159,-114.13128430363,1128.5626
51.07880275862,-114.13128981236,1127.5746
51.07880189868,-114.13128623810,1127.2150
51.07879376751,-114.13126874030,1124.5604
51.07881141807,-114.13128445034,1129.9179
51.07876549799,-114.13119932889,1112.5807
51.07877304579,-114.13119356314,1113.8212
51.07876465048,-114.13119500758,1112.7311
51.07880416187,-114.13128464981,1128.9397
51.07881348964,-114.13127761501,1130.1464
51.07881492022,-114.13127822668,1130.6034
51.07877205645,-114.13118513036,1114.3017
51.07877421855,-114.13118386929,1114.0839
51.07876879382,-114.13118176300,1114.8942
51.07876949318,-114.13118016074,1114.9263
51.07877656885,-114.13117924678,1114.0756
51.07877707098,-114.13117752583,1114.1018
51.07877552061,-114.13118554872,1115.7588
51.07877337483,-114.13119133263,1117.0094
51.07877428684,-114.13118919198,1116.9465
51.07877490897,-114.13118715616,1116.8678
51.07877530832,-114.13118477157,1116.7847
51.07877586166,-114.13118291144,1116.6330
51.07877573057,-114.13118044033,1116.6302
51.07877656309,-114.13117781382,1116.4792
51.07877793610,-114.13117598150,1116.3608
51.07877879114,-114.13117352844,1116.2555
51.07879258897,-114.13116096961,1117.5570
51.07878829369,-114.13115508348,1117.7994
51.07879050677,-114.13115657894,1117.5302
51.07879328931,-114.13115531324,1116.9132
51.07877285429,-114.13114616829,1119.0957
51.07877158727,-114.13114423598,1119.0837
51.07878930145,-114.13115064762,1117.2466
51.07878118684,-114.13115543955,1116.3433
51.07878329243,-114.13115262984,1116.6690
51.07878658742,-114.13115224050,1116.5912
51.07878473532,-114.13115469240,1116.3595
51.07879054365,-114.13114316141,1117.1243
51.07879126637,-114.13113950914,1116.5193
51.07879355402,-114.13113810974,1116.4399
51.07879403474,-114.13113659318,1116.4957
51.07879421411,-114.13113440397,1116.3777
51.07879434076,-114.13113264507,1116.2867
51.07879291547,-114.13112999567,1116.1720
51.07879459691,-114.13112988047,1116.1097
51.07879186317,-114.13112759983,1116.1590
51.07878734425,-114.13113072564,1115.5311
51.07877831107,-114.13112998220,1114.9848
51.07877672689,-114.13112621025,1115.0506
51.07877925623,-114.13112538163,1115.2160
51.07878901318,-114.13113032426,1114.4669
51.07876849501,-114.13110586341,1115.9690
51.07879181432,-114.13112761913,1114.4829
51.07876365330,-114.13109690752,1116.6667
51.07876389489,-114.13108856313,1115.9603
51.07876558862,-114.13108671613,1116.0319
51.07879834824,-114.13111169561,1114.1594
51.07877240789,-114.13109794556,1115.6597
51.07877799326,-114.13109146819,1116.3860
51.07877812166,-114.13108792361,1116.6664
51.07877784385,-114.13108575221,1116.9122
51.07877623993,-114.13108279556,1116.8269
51.07883019818,-114.13113444799,1117.7277
51.07879829030,-114.13110394595,1114.7550
51.07880568715,-114.13110864635,1115.5468
51.07879852250,-114.13110027883,1114.8082
51.07879959697,-114.13109973235,1114.6871
51.07879994969,-114.13109758507,1114.8461
51.07879981799,-114.13109771725,1114.5033
51.07880389897,-114.13109443896,1114.0643
51.07880278667,-114.13109494805,1114.8863
51.07880154220,-114.13109615086,1115.2601
51.07880059525,-114.13108800407,1113.6466
51.07880141700,-114.13109483185,1115.1118
51.07880181070,-114.13109308853,1115.1438
51.07880238965,-114.13109052244,1115.3666
51.07880292261,-114.13108857485,1115.3494
51.07882210661,-114.13106200566,1118.5956
51.07883706745,-114.13103987154,1120.0051
51.07883170570,-114.13104442845,1121.2020
51.07883272104,-114.13104053666,1120.4571
51.07883095263,-114.13104413865,1120.6908
51.07883001615,-114.13104467720,1120.4239
51.07882863571,-114.13104506543,1120.0047
51.07880845265,-114.13107119181,1113.9297
51.07882199177,-114.13105291183,1117.8510
51.07881020501,-114.13106870818,1114.2930
51.07881010010,-114.13106315996,1113.8887
51.07881798298,-114.13108208697,1115.7775
51.07881161081,-114.13107594218,1115.2919
51.07881261852,-114.13107697525,1115.4215
51.07881957117,-114.13108208561,1115.6314
51.07882551580,-114.13108318970,1115.4985
51.07881405026,-114.13106786086,1115.0155
51.07881598252,-114.13106280700,1115.3106
51.07881511591,-114.13105885426,1115.3097
51.07881508472,-114.13105617108,1115.1396
51.07881567215,-114.13105335913,1114.5840
51.07881748808,-114.13105154335,1114.8104
51.07881761114,-114.13104826635,1114.5187
51.07885764979,-114.13108163522,1122.3588
51.07884865106,-114.13106980573,1120.2534
51.07887064145,-114.13108643500,1120.6526
51.07885265655,-114.13106898804,1120.2841
51.07883992275,-114.13104587190,1115.5068
51.07885022217,-114.13106442711,1119.9586
51.07885121067,-114.13106821211,1120.5756
51.07884380276,-114.13106693950,1118.2892
51.07884684369,-114.13105956601,1119.1193
51.07885435644,-114.13105690569,1120.8380
51.07885584828,-114.13105816219,1120.8847
51.07885729718,-114.13105762474,1121.2672
51.07885767250,-114.13105581475,1121.2770
51.07885921138,-114.13105452287,1121.5067
51.07886127982,-114.13105338918,1121.9909
51.07886191243,-114.13105156748,1121.9811
51.07887780960,-114.13107931952,1125.0607
51.07886643751,-114.13105334627,1122.7925
51.07887158693,-114.13105965729,1123.6816
51.07887440228,-114.13106239763,1124.0631
51.07887486985,-114.13106134692,1123.9198
51.07887628945,-114.13106002100,1124.0998
51.07887150448,-114.13107306712,1121.8590
51.07884838345,-114.13104216621,1118.1996
51.07887566092,-114.13106880540,1122.7040
51.07886290034,-114.13104552515,1120.1135
51.07886492928,-114.13104569306,1120.5171
51.07886515875,-114.13104474627,1120.3954
51.07886593497,-114.13104602200,1120.6823
51.07886496300,-114.13104879465,1120.5167
51.07882679894,-114.13099547981,1114.0865
51.07882737328,-114.13099495220,1114.1045
51.07882687667,-114.13099198834,1114.2895
51.07882965339,-114.13099191562,1114.4326
51.07882969935,-114.13099165408,1114.3311
51.07882683279,-114.13099291159,1113.7026
51.07882729527,-114.13099156559,1113.7096
51.07882767517,-114.13099005569,1113.7391
51.07882828367,-114.13098906546,1113.6730
51.07883444223,-114.13098037931,1115.2337
51.07883736439,-114.13098116475,1115.2706
51.07883590830,-114.13097963921,1115.3694
51.07883658075,-114.13097684883,1114.8734
51.07883103764,-114.13097778971,1113.1510
51.07882885590,-114.13098286983,1113.6035
51.07882983790,-114.13098076900,1113.8589
51.07883193810,-114.13098224315,1113.0838
51.07883431576,-114.13097795843,1113.5097
51.07883490024,-114.13097042078,1111.7478
51.07883422119,-114.13097891523,1113.2164
51.07883357746,-114.13098042166,1113.5109
51.07883410193,-114.13097936320,1113.4956
51.07883383045,-114.13097762694,1112.9210
51.07883788192,-114.13097063247,1114.0628
51.07883651250,-114.13096901004,1113.2927
51.07883944551,-114.13096339349,1113.7204
51.07884196629,-114.13095783886,1114.0950
51.07883901053,-114.13096127146,1112.7385
51.07883888744,-114.13095689920,1112.5376
51.07884014047,-114.13095393310,1112.5521
51.07884250349,-114.13095280887,1112.5776
51.07884338652,-114.13094900883,1112.8274
51.07884396317,-114.13094830963,1112.5847
51.07884135339,-114.13094409352,1112.3320
51.07884767726,-114.13095128379,1113.5896
51.07888178128,-114.13099772874,1120.0910
51.07887544320,-114.13098689622,1119.1316
51.07887639822,-114.13098370786,1119.5955
51.07887708171,-114.13098263169,1119.9350
51.07887686141,-114.13098168841,1119.5454
51.07888304968,-114.13098905552,1119.1412
51.07887267332,-114.13098729435,1118.0256
51.07887233729,-114.13098302756,1117.9511
51.07887407773,-114.13098464544,1118.1661
51.07887081600,-114.13097748766,1117.6181
51.07887563308,-114.13096813110,1119.0424
51.07887396420,-114.13096394634,1118.7131
51.07887197831,-114.13096405837,1117.9796
51.07887942808,-114.13097792079,1118.5673
51.07888338458,-114.13096811057,1119.8421
51.07888220867,-114.13097489530,1118.9582
51.07888178648,-114.13097169248,1118.7049
51.07884887882,-114.13092402568,1112.7164
51.07885343224,-114.13091738755,1113.8090
51.07885563994,-114.13092123207,1112.3903
51.07886059126,-114.13092336988,1112.3874
51.07886415273,-114.13092576308,1112.5377
51.07886522443,-114.13092316901,1112.8083
51.07886477556,-114.13091584070,1113.2077
51.07886206998,-114.13091768080,1112.3663
51.07886121819,-114.13091603158,1112.3782
51.07886187089,-114.13091452032,1112.2597
51.07886135092,-114.13091244700,1112.3024
51.07886291357,-114.13090481319,1113.5261
51.07885947730,-114.13090514198,1113.0840
51.07886641219,-114.13089844682,1113.9430
51.07886205165,-114.13089934994,1113.3454
51.07886167410,-114.13089795839,1113.3789
51.07886091773,-114.13089575659,1113.3014
51.07887103190,-114.13089628062,1113.9609
51.07886267934,-114.13088768330,1114.2589
51.07884783270,-114.13087692560,1114.6479
51.07886832774,-114.13089064873,1113.0079
51.07884593780,-114.13087282236,1114.5260
51.07884119469,-114.13086799554,1114.8224
51.07883443945,-114.13086273402,1115.6447
51.07885973351,-114.13087347667,1114.0332
51.07884525771,-114.13087770758,1113.0240
51.07883157878,-114.13086081329,1113.9906
51.07885905922,-114.13088873815,1112.1153
51.07886096112,-114.13088708382,1112.1665
51.07886871680,-114.13087666680,1113.8403
51.07886674018,-114.13087678481,1113.6936
51.07887155228,-114.13087383667,1114.1261
51.07887221533,-114.13087184356,1114.0751
51.07887264267,-114.13087065648,1114.2243
51.07887164805,-114.13086701368,1114.3233
51.07887313306,-114.13086705981,1114.4502
51.07887381414,-114.13086580561,1114.5755
51.07887394766,-114.13086347352,1114.4198
51.07887347641,-114.13086244842,1114.5528
51.07887427373,-114.13086209187,1114.6461
51.07887475059,-114.13086072271,1114.7111
51.07887492485,-114.13085934673,1114.6762
51.07887554743,-114.13085793257,1114.6933
51.07888162523,-114.13086220387,1115.2734
51.07889891458,-114.13088246582,1117.9380
51.07889803718,-114.13088533887,1121.0321
51.07890239099,-114.13087615190,1118.4681
51.07887225666,-114.13089237300,1123.1503
51.07888624494,-114.13089655564,1124.7820
51.07889983755,-114.13086586443,1118.2679
51.07888666670,-114.13089631265,1125.2840
51.07889146808,-114.13088769425,1124.2106
51.07888019589,-114.13083228981,1114.9430
51.07888950273,-114.13090440309,1129.0425
51.07888680837,-114.13090719718,1130.1099
51.07888422803,-114.13090944237,1130.8686
51.07888273747,-114.13091092851,1130.6052
51.07888967079,-114.13089276723,1127.5428
51.07890828794,-114.13084810064,1119.9139
51.07890952635,-114.13084887986,1119.7257
51.07890872856,-114.13084558374,1119.8992
51.07891330424,-114.13085031254,1120.7451
51.07890985073,-114.13084400479,1120.3947
51.07890861797,-114.13084053956,1120.0504
51.07890238133,-114.13083008012,1118.8950
51.07889745875,-114.13082311418,1119.5017
51.07890007994,-114.13082498552,1120.1869
51.07889821333,-114.13082189437,1120.0645
51.07889682208,-114.13081795829,1120.0222
51.07889380782,-114.13081436896,1119.0388
51.07889388208,-114.13081050473,1119.5604
51.07889700420,-114.13081270799,1120.1979
51.07889364809,-114.13081722646,1119.2608
51.07890926665,-114.13082186771,1119.2076
51.07888919778,-114.13079424274,1115.9751
51.07890005405,-114.13080661295,1117.6487
51.07889990731,-114.13080498470,1117.6649
51.07890021687,-114.13080448928,1117.5059
51.07889981829,-114.13080177364,1117.5518
51.07890277010,-114.13080775181,1116.4695
51.07889794370,-114.13079788649,1117.6841
51.07889639238,-114.13080106806,1116.7272
51.07890264250,-114.13079449598,1117.4157
51.07888868506,-114.13077658995,1116.0636
51.07889044201,-114.13077571912,1115.8315
51.07889381261,-114.13077672374,1115.4237
51.07889254045,-114.13077667558,1114.9693
51.07888837611,-114.13077166512,1114.8047
51.07889115302,-114.13077610829,1114.2067
51.07888652045,-114.13077356557,1113.6518
51.07888665662,-114.13077224616,1113.6468
51.07888843785,-114.13076998324,1114.1895
51.07888984624,-114.13076929718,1114.2037
51.07888892037,-114.13076865567,1114.0464
51.07888915062,-114.13076701158,1114.1422
51.07888958664,-114.13076604631,1114.0736
51.07888984238,-114.13076463949,1114.0944
51.07889019754,-114.13076333326,1114.1078
51.07889008443,-114.13076395775,1114.4679
51.07889151839,-114.13076196283,1114.2343
51.07889086639,-114.13076139070,1113.6088
51.07889336212,-114.13076067324,1113.5634
51.07889372822,-114.13075774878,1113.5119
51.07889344543,-114.13075496016,1113.7601
51.07889414045,-114.13075336264,1113.9132
51.07889509324,-114.13075190332,1113.9760
51.07889541571,-114.13075029271,1114.0273
51.07889630544,-114.13074924939,1114.0103
51.07889669405,-114.13074753772,1114.1420
51.07889767823,-114.13074633193,1114.1578
51.07889828761,-114.13074490130,1114.1825
51.07889817739,-114.13074276637,1114.2190
51.07889912860,-114.13074127033,1114.2535
51.07889939040,-114.13073915463,1114.3347
51.07890071190,-114.13073825795,1114.3560
51.07890217828,-114.13073737951,1114.2915
51.07890271030,-114.13073644666,1114.4575
51.07890277423,-114.13073424755,1114.5760
51.07890349627,-114.13073278816,1114.6070
51.07890294163,-114.13073018885,1114.8059
51.07890953383,-114.13073136889,1114.6150
51.07890670642,-114.13072931504,1115.1191
51.07890763618,-114.13072668616,1114.8294
51.07890731141,-114.13072868737,1115.4423
51.07891257943,-114.13072605802,1114.9015
51.07890791144,-114.13075948597,1120.9018
51.07891443301,-114.13072541663,1114.1686
51.07891514976,-114.13072411449,1114.1144
51.07890663256,-114.13077767756,1124.7405
51.07890600930,-114.13078671086,1126.2450
51.07890950558,-114.13077857069,1125.8421
51.07890809006,-114.13078087453,1125.4913
51.07890845384,-114.13077415703,1124.5812
51.07890987485,-114.13078270077,1125.4386
51.07891199096,-114.13077130262,1124.0493
51.07892172599,-114.13071317895,1114.4895
51.07892251770,-114.13071173841,1114.4122
51.07892324763,-114.13071028444,1114.4719
51.07892420954,-114.13071014383,1114.1486
51.07892480127,-114.13070795359,1114.4991
51.07892571117,-114.13070687143,1114.4942
51.07892669190,-114.13070648992,1114.2472
51.07892759586,-114.13070433667,1114.6357
51.07892777842,-114.13070298896,1114.2132
51.07892834322,-114.13070049152,1114.6591
51.07895107341,-114.13072998386,1118.3196
51.07894990823,-114.13072616068,1117.9182
51.07893097403,-114.13069804400,1114.3616
51.07894667060,-114.13071717077,1116.9344
51.07893274296,-114.13069548059,1114.5049
51.07895148658,-114.13071943732,1117.6981
51.07894986674,-114.13071491276,1117.2264
51.07895707983,-114.13072225581,1118.2599
51.07895778884,-114.13072058704,1117.9955
51.07895579309,-114.13071636986,1117.8330
51.07895632134,-114.13071460846,1117.7335
51.07893865001,-114.13068719446,1114.5450
51.07897576726,-114.13073730987,1120.6276
51.07898094160,-114.13074088749,1120.9111
51.07894129138,-114.13068357166,1114.5563
51.07894214607,-114.13068265051,1114.5195
51.07894291620,-114.13068211333,1114.4623
51.07894289814,-114.13068115165,1114.5053
51.07892573446,-114.13066705427,1115.9428
51.07890277786,-114.13064879735,1117.8972
51.07891050515,-114.13065332658,1117.3353
51.07890922891,-114.13065119818,1117.5254
51.07891079412,-114.13065157231,1117.5850
51.07891645231,-114.13065477842,1117.2291
51.07892033312,-114.13065598230,1116.7870
51.07892272638,-114.13065663903,1116.6566
51.07892080719,-114.13065370129,1116.9466
51.07892094336,-114.13065264860,1117.0099
51.07895569407,-114.13067797496,1114.2246
51.07892306283,-114.13065083389,1117.0101
51.07895876190,-114.13067811086,1114.4158
51.07896085834,-114.13067593798,1114.7399
51.07896142701,-114.13067574608,1114.5957
51.07896259537,-114.13067510284,1114.5452
51.07896359761,-114.13067433647,1114.5150
51.07896503513,-114.13067256654,1114.6566
51.07896874955,-114.13067391781,1114.4338
51.07896981642,-114.13067306310,1114.4320
51.07898786223,-114.13070486314,1118.1774
51.07899570973,-114.13071713786,1119.6044
51.07899670196,-114.13071657858,1119.5993
51.07899771149,-114.13071562782,1119.5512
51.07899123868,-114.13070086542,1117.9216
51.07899206287,-114.13070067826,1118.0962
51.07899363331,-114.13069812678,1118.5502
51.07899580994,-114.13069759535,1118.2884
51.07899686488,-114.13069670107,1118.2643
51.07899704391,-114.13069519177,1118.3687
51.07899817699,-114.13069425110,1118.3630
51.07897980449,-114.13066303228,1113.8771
51.07900255575,-114.13069660268,1118.7850
51.07900605496,-114.13069948389,1119.3248
51.07898378240,-114.13066114019,1113.9253
51.07900674054,-114.13070320953,1118.6117
51.07900795878,-114.13070244054,1118.6523
51.07900952933,-114.13070227401,1118.6792
51.07901146080,-114.13070101583,1118.9836
51.07901297389,-114.13070050986,1119.0542
51.07901381942,-114.13070062263,1118.8711
51.07901490723,-114.13070013182,1118.9643
51.07901542298,-114.13069822481,1118.8630
51.07899502431,-114.13065739967,1114.1871
51.07899612776,-114.13065696365,1114.1283
51.07899702207,-114.13065574397,1114.1479
51.07899800238,-114.13065517219,1114.1806
51.07899906941,-114.13065463924,1114.1167
51.07900010363,-114.13065421720,1114.0868
51.07900127233,-114.13065349080,1114.0753
51.07900217211,-114.13065297082,1113.9683
51.07900321099,-114.13065227011,1114.0033
51.07903331185,-114.13070790093,1120.3965
51.07903039161,-114.13070422017,1120.8789
51.07901318821,-114.13069055107,1122.8683
51.07901297994,-114.13069088722,1122.9835
51.07904089680,-114.13070814216,1120.5822
51.07904263733,-114.13070916482,1120.7004
51.07904306487,-114.13070845166,1120.8611
51.07903462285,-114.13068809945,1118.5440
51.07903435615,-114.13068666039,1118.5885
51.07904604122,-114.13071081023,1122.1033
51.07904565832,-114.13070846622,1122.1284
51.07903466020,-114.13068277338,1118.9450
51.07903212576,-114.13067819027,1119.1646
51.07903256519,-114.13067761564,1119.1411
51.07903268516,-114.13067673089,1119.0538
51.07903402538,-114.13067558784,1119.1383
51.07903536742,-114.13067451329,1119.2075
51.07903673596,-114.13067325021,1119.3095
51.07902406629,-114.13063881924,1114.2911
51.07902541369,-114.13063781405,1114.3718
51.07902629495,-114.13064406874,1115.5005
51.07902798227,-114.13064090450,1115.9290
51.07902893274,-114.13064239016,1115.5368
51.07903064245,-114.13063487451,1114.5064
51.07903572475,-114.13064245800,1115.6773
51.07903822905,-114.13063590452,1114.9441
51.07903529487,-114.13063826557,1116.2586
51.07903637556,-114.13063249149,1115.2538
51.07903773600,-114.13063182884,1115.1950
51.07903898818,-114.13063054536,1114.7121
51.07903932643,-114.13063108802,1114.9352
51.07904025448,-114.13063093916,1114.9844
51.07904114681,-114.13063137686,1114.9852
51.07904245011,-114.13063195809,1115.0445
51.07904249987,-114.13063105731,1114.7532
51.07904461616,-114.13062981151,1114.5532
51.07904577760,-114.13062967112,1114.5182
51.07904682625,-114.13063504109,1115.8390
51.07905686308,-114.13062150161,1112.7901
51.07906381875,-114.13062738996,1111.5690
51.07906270857,-114.13062474673,1110.9530
51.07906371050,-114.13062456536,1110.8352
51.07906094846,-114.13062172204,1112.3543
51.07906214057,-114.13062123748,1112.3171
51.07906350069,-114.13062040576,1112.1930
51.07906473920,-114.13062003681,1112.0861
51.07906593702,-114.13061959569,1112.1000
51.07906748301,-114.13062105422,1112.2334
51.07906863379,-114.13062022561,1112.2273
51.07906950606,-114.13061952324,1112.2632
51.07906799970,-114.13061725040,1111.8977
51.07906828093,-114.13061729707,1112.1477
51.07906861876,-114.13061728520,1112.4112
51.07906908295,-114.13061696808,1112.6446
51.07906466675,-114.13062188652,1114.0752
51.07906554071,-114.13062164980,1114.3117
51.07906722616,-114.13062354809,1114.7504
51.07908346679,-114.13065927254,1121.4999
51.07908419197,-114.13065773748,1121.4557
51.07908287790,-114.13065180497,1120.9908
51.07908459707,-114.13064995818,1121.3360
51.07908576320,-114.13064928838,1121.4237
51.07908971574,-114.13065235254,1120.1558
51.07908984323,-114.13065029794,1119.9793
51.07909038468,-114.13064911430,1120.0105
51.07909179221,-114.13064632170,1120.4450
51.07908848107,-114.13064162977,1121.0168
51.07908908080,-114.13064027706,1120.8400
51.07909537245,-114.13064667470,1120.7680
51.07909676155,-114.13064655777,1120.7875
51.07909740293,-114.13064729723,1121.0027
51.07909109617,-114.13064053493,1122.5232
51.07909200291,-114.13064262404,1123.6343
51.07909267839,-114.13064151683,1123.5204
51.07907715494,-114.13060246144,1115.6084
51.07907808182,-114.13060202808,1115.6467
51.07909139779,-114.13062893939,1120.7678
51.07909569902,-114.13063549266,1121.9449
51.07909852935,-114.13063666389,1121.5538
51.07909931000,-114.13063575727,1121.6036
51.07910073077,-114.13063563342,1121.5382
51.07908812932,-114.13060285799,1115.1456
51.07908875776,-114.13060186223,1115.0592
51.07909055232,-114.13060207469,1115.0775
51.07908980083,-114.13059945292,1115.3988
51.07909093359,-114.13059859577,1115.4104
51.07909179093,-114.13059527848,1115.2308
51.07909296707,-114.13059296224,1115.0810
51.07909355519,-114.13059109908,1115.1384
51.07911577110,-114.13061952546,1120.0817
51.07911344465,-114.13061835268,1121.4192
51.07911815520,-114.13062125258,1122.4107
51.07912513558,-114.13062757512,1122.5278
51.07912472642,-114.13062732242,1123.9946
51.07912750093,-114.13062867604,1124.7594
51.07913623647,-114.13061127649,1123.9412
51.07914016746,-114.13060980249,1124.2858
51.07915377090,-114.13062515187,1122.0831
51.07915179990,-114.13061910780,1123.7598
51.07915635657,-114.13062000484,1124.2462
51.07915893632,-114.13061995280,1124.6133
51.07916134966,-114.13062020473,1125.0342
51.07916408867,-114.13062035902,1125.4536
51.07916074575,-114.13065091906,1130.4748
51.07916912685,-114.13062582945,1126.8706
51.07918084947,-114.13063460377,1126.2165
51.07918536289,-114.13063546826,1126.6245
51.07919361252,-114.13063834690,1127.6820
51.07919835301,-114.13063921594,1128.2281
51.07920150542,-114.13063921511,1128.5096
51.07920839331,-114.13064185609,1129.3327
51.07921189139,-114.13064367262,1129.4129
51.07911484494,-114.13056820255,1115.5306
51.07911797676,-114.13056848888,1115.1374
51.07911769511,-114.13056555233,1115.1176
51.07911938595,-114.13056429320,1114.9301
51.07912061404,-114.13056304534,1114.9199
51.07912129475,-114.13056203748,1115.0066
51.07912235265,-114.13055520147,1114.0600
51.07912309448,-114.13056067902,1115.0589
51.07912345025,-114.13055917844,1115.1201
51.07912428142,-114.13055841874,1115.1105
51.07912568728,-114.13055808035,1115.0074
51.07912663272,-114.13055683876,1115.0265
51.07912773332,-114.13055559202,1115.0671
51.07912833575,-114.13055366396,1115.1295
51.07912934294,-114.13055220925,1115.0804
51.07913035363,-114.13055050950,1115.0448
51.07913082558,-114.13054818724,1115.0772
51.07913490700,-114.13054908111,1115.8463
51.07913389584,-114.13054488556,1115.2337
51.07913383746,-114.13054203286,1114.9269
51.07913444445,-114.13054033057,1114.8735
51.07913525380,-114.13053893627,1115.0582
51.07913587797,-114.13053838840,1115.0283
51.07913653364,-114.13053754043,1115.0663
51.07913823048,-114.13053686623,1115.0091
51.07913923218,-114.13053509707,1114.9866
51.07914081190,-114.13053001450,1114.4156
51.07913770566,-114.13052670104,1113.6194
51.07913963803,-114.13052693100,1114.2925
51.07914077361,-114.13052203488,1113.7653
51.07914172150,-114.13052080242,1113.7794
51.07914201726,-114.13052027349,1113.6760
51.07914278096,-114.13051937776,1113.7132
51.07914352870,-114.13051853689,1113.7187
51.07914438137,-114.13051734210,1113.7250
51.07914494663,-114.13051629680,1113.6896
51.07914558003,-114.13051533860,1113.6202
51.07914610765,-114.13051415197,1113.5765
51.07914678671,-114.13051314903,1113.5384
51.07914756986,-114.13051189853,1113.5247
51.07914842549,-114.13051085435,1113.4593
51.07914920848,-114.13050960665,1113.4051
51.07914982867,-114.13050843062,1113.3634
51.07915051766,-114.13050744124,1113.3331
51.07915124396,-114.13050614894,1113.3731
51.07915196037,-114.13050506563,1113.3468
51.07915251806,-114.13050391711,1113.3326
51.07915372632,-114.13050258761,1113.4120
51.07915492009,-114.13050089906,1113.4596
51.07915610456,-114.13049961681,1113.4941
51.07915707731,-114.13049850854,1113.5158
51.07915800796,-114.13049737529,1113.5285
51.07915898535,-114.13049620637,1113.5439
51.07916017895,-114.13049518802,1113.5963
51.07916117467,-114.13049386044,1113.6044
51.07916222071,-114.13049252787,1113.6815
51.07916341204,-114.13049053592,1113.6869
51.07916433992,-114.13048918853,1113.6874
51.07916520998,-114.13048764526,1113.7160
51.07916620566,-114.13048611720,1113.7516
51.07916725737,-114.13048465021,1113.7894
51.07916883672,-114.13048420227,1114.0647
51.07916987133,-114.13048254893,1114.0666
51.07917098985,-114.13048140069,1114.0958
51.07917184174,-114.13048130580,1114.3137
51.07917288516,-114.13047894216,1114.1180
51.07917368740,-114.13047818910,1114.2190
51.07917484522,-114.13047660150,1114.2084
51.07917599956,-114.13047504363,1114.1437
51.07917771190,-114.13047268664,1113.9394
51.07917860757,-114.13047132923,1113.9270
51.07917947878,-114.13047021860,1113.9573
51.07918035078,-114.13046923494,1113.9791
51.07918142235,-114.13046838336,1113.9642
51.07918247433,-114.13046762081,1113.9501
51.07918373546,-114.13046700545,1113.9947
51.07918465595,-114.13046674612,1114.1945
51.07918816734,-114.13046348794,1113.7353
51.07918981502,-114.13046192353,1113.6143
51.07919099906,-114.13046114123,1113.6491
51.07919194649,-114.13046032263,1113.7168
51.07919276733,-114.13045940831,1113.7849
51.07919338155,-114.13045822333,1113.7336
51.07919404929,-114.13045706374,1113.6620
51.07919494368,-114.13045622849,1113.5936
51.07919592557,-114.13045572828,1113.5587
51.07919708531,-114.13045506262,1113.5509
51.07919812471,-114.13045420835,1113.5389
51.07919936247,-114.13045342152,1113.6175
51.07920017584,-114.13045327167,1113.5398
51.07920108568,-114.13045274755,1113.5185
51.07920195968,-114.13045248585,1113.5339
51.07920209472,-114.13045268729,1113.7858
51.07920288635,-114.13045281573,1113.6829
51.07920429464,-114.13045202361,1113.6302
51.07920547024,-114.13045187266,1113.5669
51.07920587614,-114.13045237384,1113.6057
51.07920605788,-114.13045294482,1113.7215
51.07920719369,-114.13045302196,1113.7276
51.07920826776,-114.13045315419,1113.7163
51.07920927426,-114.13045339339,1113.6987
51.07921027204,-114.13045348463,1113.6952
51.07921122629,-114.13045362100,1113.7115
51.07921236573,-114.13045393767,1113.7458
51.07921364437,-114.13045441130,1113.7518
51.07921489311,-114.13045496814,1113.7552
51.07921598768,-114.13045563824,1113.7595
51.07921703324,-114.13045643075,1113.7882
51.07921833676,-114.13045714550,1113.8457
51.07921934997,-114.13045810032,1113.8135
51.07922039295,-114.13045903717,1113.7978
51.07922138267,-114.13046006586,1113.7462
51.07922257761,-114.13046089316,1113.7592
51.07922370867,-114.13046156218,1113.7776
51.07922496491,-114.13046212269,1113.8172
51.07922604484,-114.13046296227,1113.8163
51.07922697397,-114.13046400135,1113.8063
51.07922791765,-114.13046478687,1113.8364
51.07922886868,-114.13046566901,1113.8556
51.07923005855,-114.13046653997,1113.8664
51.07923106238,-114.13046810332,1113.9495
51.07923240756,-114.13046829575,1113.8761
51.07923355170,-114.13046898240,1113.9192
51.07923474266,-114.13047019854,1113.9196
51.07923650488,-114.13046909211,1114.2685
51.07923768245,-114.13047002777,1114.2199
51.07923837391,-114.13047245821,1113.9551
51.07923939225,-114.13047430971,1113.9729
51.07924008092,-114.13047666967,1113.8252
51.07924099975,-114.13047805589,1113.8297
51.07924200006,-114.13047930174,1113.8077
51.07924306561,-114.13048043977,1113.8055
51.07924419623,-114.13048151703,1113.8451
51.07924530057,-114.13048254904,1113.8824
51.07924585631,-114.13048569075,1113.5639
51.07924685392,-114.13048653402,1113.5489
51.07924782183,-114.13048717423,1113.6208
51.07924839886,-114.13048864599,1113.5555
51.07925100909,-114.13049048333,1114.2538
51.07925151618,-114.13049142972,1114.1309
51.07925234380,-114.13049272074,1114.1065
51.07925343671,-114.13049556289,1114.0581
51.07925170792,-114.13049332962,1113.2648
51.07925385727,-114.13049666984,1113.6198
51.07925461552,-114.13049707939,1113.6574
51.07925530135,-114.13049828549,1113.6311
51.07925634786,-114.13049845757,1113.7991
51.07925688716,-114.13050041553,1113.7307
51.07925987624,-114.13050385388,1114.4504
51.07926262914,-114.13050719785,1115.0647
51.07926385314,-114.13051201515,1114.9770
51.07926535313,-114.13051394315,1115.2051
51.07926613182,-114.13051562264,1115.2407
51.07926559032,-114.13051529659,1114.6312
51.07926534739,-114.13051495197,1114.2727
51.07926566131,-114.13051293899,1114.3708
51.07926487810,-114.13051584997,1113.6141
51.07926503101,-114.13051494275,1113.5743
51.07926456088,-114.13051746236,1113.0430
51.07926435732,-114.13051527783,1112.7913
51.07926432524,-114.13051526018,1112.5650
51.07926443322,-114.13051481559,1112.4454
51.07926456768,-114.13051478500,1112.2901
51.07926467281,-114.13051490468,1112.1042
51.07926481773,-114.13051542565,1111.8763
51.07926605064,-114.13051819185,1111.9701
51.07926732178,-114.13052057194,1112.0956
51.07926870366,-114.13052209267,1112.3470
51.07927102734,-114.13052698879,1113.0742
51.07927198872,-114.13052946231,1113.0797
51.07927270810,-114.13053301750,1112.8161
51.07927433324,-114.13053215035,1113.3056
51.07927522542,-114.13053399050,1113.3084
51.07927633831,-114.13053501120,1113.3868
51.07927723372,-114.13053650092,1113.4129
51.07927836566,-114.13053768245,1113.4723
51.07927938068,-114.13053868146,1113.5393
51.07928064267,-114.13054042229,1113.6416
51.07928184051,-114.13054211096,1113.7266
51.07928262159,-114.13054418319,1113.7676
51.07928338032,-114.13054650801,1113.7850
51.07928405447,-114.13054860975,1113.8521
51.07928477705,-114.13055034119,1113.9359
51.07928580505,-114.13055163787,1114.0348
51.07928896802,-114.13055703890,1114.6654
51.07928946319,-114.13055926632,1114.4876
51.07928989876,-114.13056009059,1114.3639
51.07929101991,-114.13056290255,1114.4544
51.07929164519,-114.13056479635,1114.4503
51.07929183599,-114.13056599806,1114.2617
51.07929234580,-114.13056746907,1114.2081
51.07929369170,-114.13056972409,1114.4039
51.07929453903,-114.13057105586,1114.4640
51.07929535048,-114.13057263960,1114.5145
51.07929542578,-114.13057341516,1114.3311
51.07929880770,-114.13057815627,1115.0922
51.07929691772,-114.13057599082,1114.3172
51.07929765814,-114.13057698081,1114.3273
51.07929854540,-114.13057822346,1114.3459
51.07929926938,-114.13057951925,1114.3199
51.07930423451,-114.13058663585,1115.5557
51.07930119250,-114.13058383300,1114.5576
51.07929588344,-114.13057704872,1112.7093
51.07930181501,-114.13058563715,1114.2699
51.07930259155,-114.13058729537,1114.2957
51.07929924616,-114.13058361849,1113.0740
51.07929997517,-114.13058504083,1113.0731
51.07930077358,-114.13058653174,1113.0861
51.07930146178,-114.13058814154,1113.1263
51.07930210078,-114.13058966961,1113.1345
51.07930277638,-114.13059140213,1113.1389
51.07930337065,-114.13059305837,1113.1255
51.07930377708,-114.13059451923,1113.0890
51.07930443234,-114.13059619688,1113.1232
51.07930501803,-114.13059776688,1113.1480
51.07930553179,-114.13059997241,1113.2099
51.07930607009,-114.13060166103,1113.1973
51.07930676931,-114.13060305325,1113.1516
51.07930763952,-114.13060349095,1113.0263
51.07930827100,-114.13060484324,1113.0017
51.07930881280,-114.13060602553,1112.9708
51.07930936716,-114.13060734182,1112.9141
51.07930982940,-114.13060866516,1112.8379
51.07931029796,-114.13060975612,1112.7068
51.07931069385,-114.13061109099,1112.6591
51.07931169471,-114.13061348544,1112.8274
51.07931267036,-114.13061575682,1112.9414
51.07931349340,-114.13061823005,1113.0304
51.07931428525,-114.13062023996,1113.1010
51.07931520851,-114.13062220367,1113.1640
51.07931614070,-114.13062405596,1113.2395
51.07931714821,-114.13062572988,1113.3449
51.07931805677,-114.13062767691,1113.3828
51.07931886611,-114.13062954058,1113.3841
51.07931948517,-114.13063141988,1113.3697
51.07932015776,-114.13063325677,1113.4037
51.07932075855,-114.13063483192,1113.4164
51.07932164383,-114.13063676046,1113.5226
51.07932255114,-114.13063863305,1113.5999
51.07932349548,-114.13064041228,1113.6857
51.07932449541,-114.13064188677,1113.8167
51.07932541298,-114.13064382367,1113.8517
51.07932624959,-114.13064553694,1113.8978
51.07932709507,-114.13064732682,1113.9287
51.07932756331,-114.13064850234,1113.7968
51.07932829640,-114.13065055094,1113.8410
51.07932902442,-114.13065256364,1113.8903
51.07932959532,-114.13065450344,1113.9363
51.07933015055,-114.13065649649,1113.9472
51.07933080884,-114.13065859540,1113.9893
51.07933157316,-114.13066062015,1114.0418
51.07933229627,-114.13066254933,1114.1157
51.07933310658,-114.13066474237,1114.2517
51.07933379571,-114.13066677576,1114.3239
51.07933432445,-114.13066864576,1114.3435
51.07933489350,-114.13067071183,1114.3807
51.07933557958,-114.13067275573,1114.4275
51.07933633093,-114.13067474262,1114.4564
51.07933693980,-114.13067667874,1114.4917
51.07933747222,-114.13067863554,1114.4971
51.07933799193,-114.13068040254,1114.5331
51.07933844706,-114.13068267597,1114.5366
51.07933891965,-114.13068462701,1114.5818
51.07933916606,-114.13068664515,1114.6035
51.07933943856,-114.13068853169,1114.5869
51.07933974862,-114.13069014060,1114.6082
51.07933996296,-114.13069242741,1114.5773
51.07934008292,-114.13069430786,1114.5872
51.07934023360,-114.13069622372,1114.6240
51.07934033443,-114.13069829477,1114.6134
51.07934049530,-114.13070031234,1114.6097
51.07934069849,-114.13070231025,1114.6206
51.07934091580,-114.13070444805,1114.6516
51.07934098775,-114.13070639417,1114.6680
51.07934100437,-114.13070827234,1114.6676
51.07934105177,-114.13071009800,1114.6359
51.07934105138,-114.13071198063,1114.6095
51.07934091483,-114.13071432536,1114.6070
51.07934081588,-114.13071636094,1114.6275
51.07934069832,-114.13071832189,1114.6306
51.07934050556,-114.13072027794,1114.5847
51.07934039145,-114.13072214647,1114.5623
51.07934032702,-114.13072387755,1114.5480
51.07934018682,-114.13072564926,1114.5478
51.07934027509,-114.13072701287,1114.6188
51.07934023889,-114.13072886744,1114.6559
51.07934003078,-114.13073081206,1114.6611
51.07934010349,-114.13073141671,1114.5376
51.07933947514,-114.13073371351,1114.4588
51.07933983284,-114.13073422993,1114.6112
51.07933942042,-114.13073608488,1114.6058
51.07933872374,-114.13073839550,1114.5469
51.07933780208,-114.13074109155,1114.4347
51.07933744005,-114.13074297076,1114.4514
51.07933702708,-114.13074484441,1114.4625
51.07933656741,-114.13074661657,1114.4619
51.07933615444,-114.13074839035,1114.4518
51.07933595084,-114.13075025060,1114.5296
51.07933563671,-114.13075223045,1114.5754
51.07933577347,-114.13075338919,1114.6995
51.07933545764,-114.13075531878,1114.7366
51.07933508468,-114.13075730337,1114.7778
51.07933464561,-114.13075921546,1114.8091
51.07933432579,-114.13076130919,1114.8522
51.07933367926,-114.13076387159,1114.8504
51.07933414277,-114.13076455614,1115.1216
51.07933366480,-114.13076651176,1115.1188
51.07933330225,-114.13076827995,1115.1443
51.07933194859,-114.13077147337,1114.9182
51.07933195488,-114.13077174035,1115.1257
51.07933036400,-114.13077475047,1114.8298
51.07933044219,-114.13077481109,1115.0143
51.07932986368,-114.13077615640,1115.0049
51.07932816555,-114.13077939601,1114.6800
51.07932746108,-114.13078095837,1114.6628
51.07932673062,-114.13078238777,1114.6283
51.07932610042,-114.13078371980,1114.5654
51.07932535978,-114.13078493039,1114.5075
51.07932460458,-114.13078640339,1114.4588
51.07932400604,-114.13078803375,1114.4775
51.07932319478,-114.13079001792,1114.5543
51.07932230584,-114.13079194966,1114.5875
51.07932190310,-114.13079316247,1114.4958
51.07932058165,-114.13079573875,1114.6206
51.07932003727,-114.13079753090,1114.6299
51.07932004832,-114.13079833544,1114.4728
51.07931948672,-114.13079969162,1114.4740
51.07931725274,-114.13080350955,1114.8830
51.07931657886,-114.13080495117,1114.8716
51.07931598474,-114.13080635676,1114.8893
51.07931552841,-114.13080781600,1114.9223
51.07931494819,-114.13080942880,1114.9531
51.07931447488,-114.13081094667,1114.9486
51.07931373678,-114.13081238272,1114.8707
51.07931305797,-114.13081418512,1114.8267
51.07931235956,-114.13081587836,1114.8066
51.07931161039,-114.13081786531,1114.7838
51.07931097115,-114.13081926249,1114.7814
51.07931029921,-114.13082044261,1114.7683
51.07930949348,-114.13082220258,1114.7100
51.07930874660,-114.13082359805,1114.7060
51.07930804650,-114.13082537405,1114.7145
51.07930728114,-114.13082710157,1114.7314
51.07930663448,-114.13082857543,1114.7246
51.07930601073,-114.13082987177,1114.6780
51.07930541621,-114.13083131116,1114.6270
51.07930481248,-114.13083307649,1114.6159
51.07930425791,-114.13083469371,1114.6496
51.07930412059,-114.13083536550,1114.7251
51.07930318578,-114.13083736185,1114.5934
51.07930263046,-114.13083915794,1114.6236
51.07930224641,-114.13084017860,1114.5713
51.07930160101,-114.13084156981,1114.5652
51.07930092513,-114.13084296692,1114.5584
51.07929986104,-114.13084563987,1114.7589
51.07929921927,-114.13084715721,1114.7199
51.07929863337,-114.13084923210,1114.7480
51.07929792448,-114.13085133489,1114.7980
51.07929750841,-114.13085344824,1114.8800
51.07929741095,-114.13085302647,1114.6136
51.07929702476,-114.13085313502,1114.5464
51.07929634440,-114.13085036077,1114.2217
51.07929615842,-114.13085132501,1114.1811
51.07929602791,-114.13085268083,1114.1427
51.07929617081,-114.13085399956,1114.0785
51.07929535892,-114.13085594674,1114.1521
51.07929617897,-114.13086145899,1114.3188
51.07929564427,-114.13086110176,1114.0745
51.07929544102,-114.13086160556,1113.9335
51.07929505605,-114.13086137786,1113.6727
51.07929364893,-114.13085741865,1113.2415
51.07929430077,-114.13085989090,1113.0440
51.07929414292,-114.13085996702,1112.7433
51.07929296874,-114.13086174320,1112.9112
51.07929111474,-114.13086861667,1113.5490
51.07929095475,-114.13087418162,1113.8984
51.07928918281,-114.13087860761,1114.2642
51.07928985018,-114.13088060971,1114.2866
51.07928873560,-114.13087945837,1114.1758
51.07928768948,-114.13088401094,1114.4378
51.07928722903,-114.13088579738,1114.4813
51.07928675442,-114.13088741707,1114.4890
51.07928982474,-114.13088716386,1113.7789
51.07928255597,-114.13089245299,1115.2052
51.07929263979,-114.13088455473,1112.4407
51.07928862979,-114.13088596207,1113.0855
51.07928904975,-114.13089108624,1112.8062
51.07928715651,-114.13089021443,1111.8495
51.07928666095,-114.13088777559,1111.9962
51.07928833272,-114.13088410537,1111.5667
51.07928850854,-114.13088437787,1111.4616
51.07928813918,-114.13088485389,1110.7123
51.07928772374,-114.13088776160,1110.4722
51.07928874672,-114.13088622771,1109.6459
51.07928437837,-114.13089743469,1108.6680
51.07928791259,-114.13088841612,1109.6889
51.07928618944,-114.13088810726,1109.0639
51.07928317775,-114.13089475641,1108.5310
51.07928171338,-114.13089400293,1108.1449
51.07928108310,-114.13089176895,1105.3300
51.07928877033,-114.13087163317,1109.4541
51.07927444155,-114.13089094025,1110.4268
51.07928619087,-114.13087678536,1108.1858
51.07927001337,-114.13090359263,1107.5798
51.07927854028,-114.13088555848,1109.4528
51.07925827106,-114.13093733012,1103.1041
51.07925764629,-114.13093678332,1103.2159
51.07925865311,-114.13093299927,1098.4652
51.07925343294,-114.13094780296,1101.0292
51.07925513061,-114.13094466702,1100.9210
51.07927981379,-114.13088989173,1100.0255
51.07925161275,-114.13095636904,1097.9285
51.07925139878,-114.13097840825,1102.3497
51.07925608156,-114.13098447885,1100.5672
51.07924238895,-114.13099904618,1099.0149
51.07924036275,-114.13100950488,1098.3257
51.07923127808,-114.13103208061,1101.5852
51.07922987388,-114.13104525448,1106.6783
51.07923062910,-114.13103287120,1100.0666
51.07923226820,-114.13102941740,1100.7219
51.07923183814,-114.13103167753,1101.8781
51.07922652623,-114.13104347729,1100.8492
51.07922318952,-114.13105033794,1100.7941
51.07922423923,-114.13104609413,1101.0062
51.07922941422,-114.13102680284,1096.6770
51.07922849012,-114.13103368738,1101.7899
51.07923264087,-114.13101504539,1097.6938
51.07923166759,-114.13101650704,1097.3997
51.07923776023,-114.13100178373,1095.3815
51.07923697668,-114.13100789546,1096.0374
51.07923712416,-114.13100562456,1096.1211
51.07924555221,-114.13098830453,1095.2867
51.07922167037,-114.13106006874,1096.1414
51.07922757631,-114.13103791419,1097.4175
51.07923235431,-114.13102244620,1098.4008
51.07923479759,-114.13101565344,1098.7523
51.07925851146,-114.13090326277,1094.0648
51.07925180206,-114.13091696955,1093.9336
51.07923259460,-114.13097499292,1087.5827
51.07923112206,-114.13097435814,1084.0622
51.07922933628,-114.13098097564,1083.9646
51.07922715009,-114.13098721316,1084.0786
51.07922867561,-114.13099107799,1082.8604
51.07922825080,-114.13099465880,1082.5475
51.07922323102,-114.13099980878,1083.5458
51.07921557598,-114.13100601387,1085.5485
51.07921444539,-114.13100805113,1085.3485
51.07921413251,-114.13100676217,1085.2698
51.07920421604,-114.13103537930,1085.8254
51.07920607076,-114.13102918411,1085.8855
51.07920423426,-114.13103483533,1086.0030
51.07920325891,-114.13103397994,1085.8550
51.07919911732,-114.13104467539,1083.3916
51.07919443891,-114.13105700421,1085.7511
51.07918864212,-114.13107508290,1083.8792
51.07918442524,-114.13107522774,1082.9857
51.07918063195,-114.13108382351,1083.0929
51.07917701596,-114.13109254493,1082.9642
51.07920184793,-114.13107315013,1077.3528
51.07921032488,-114.13105092069,1078.5195
51.07921025011,-114.13105649613,1077.9385
51.07920685093,-114.13106461830,1077.2011
51.07920418750,-114.13107245932,1077.4957
51.07919680259,-114.13112490391,1080.7369
51.07921500660,-114.13107738857,1085.9544
